,name,img,link,color
0,カルカソンヌ(Carcassonne),https://x.boardgamearena.net/data/themereleases/200422-1124/games/carcassonne/200303-1331/img/game_box180.png,https://ja.boardgamearena.com/gamepanel?game=carcassonne,"[2.2240218918997954, 1.5503291176551102, 1.7168108867503662]"
1,世界の七不思議(7Wonders),https://x.boardgamearena.net/data/themereleases/200422-1124/games/sevenwonders/200213-1215/img/game_box180.png,https://ja.boardgamearena.com/gamepanel?game=sevenwonders,"[3.8158094115787833, 5.181244212494974, 6.791312400030165]"
2,キングドミノ(Kingdomino),https://x.boardgamearena.net/data/themereleases/200422-1124/games/kingdomino/200213-1216/img/game_box180.png,https://ja.boardgamearena.com/gamepanel?game=kingdomino,"[0.9383290266961382, 2.6864771748668517, 1.176658053395613]"
3,ニムト(6nimmt!),https://x.boardgamearena.net/data/themereleases/200422-1124/games/sechsnimmt/200213-1217/img/game_box180.png,https://ja.boardgamearena.com/gamepanel?game=sechsnimmt,"[240.69334376084328, 196.1283454987948, 7.833072645109468]"
4,テラミスティカ(TerraMystica),https://x.boardgamearena.net/data/themereleases/200422-1124/games/terramystica/200412-1543/img/game_box180.png,https://ja.boardgamearena.com/gamepanel?game=terramystica,"[0.8769417930027643, 0.9429159648026229, 0.777746584322756]"
5,キャントストップ(Can'tStop),https://x.boardgamearena.net/data/themereleases/200422-1124/games/cantstop/200213-1216/img/game_box180.png,https://ja.boardgamearena.com/gamepanel?game=cantstop,"[0.39313944818039204, 0.2965697240815146, 0.6407158836806559]"
6,ストーンエイジ(StoneAge),https://x.boardgamearena.net/data/themereleases/200422-1124/games/stoneage/200213-1216/img/game_box180.png,https://ja.boardgamearena.com/gamepanel?game=stoneage,"[1.3517508183811344, 0.7038984227614264, 0.49389941474088417]"
7,花火(Hanabi),https://x.boardgamearena.net/data/themereleases/200422-1124/games/hanabi/200213-1217/img/game_box180.png,https://ja.boardgamearena.com/gamepanel?game=hanabi,"[48.00903342366362, 47.14021880959316, 87.6102579544301]"
8,プエルトリコ(PuertoRico),https://x.boardgamearena.net/data/themereleases/200422-1124/games/puertorico/200214-0957/img/game_box180.png,https://ja.boardgamearena.com/gamepanel?game=puertorico,"[1.488315629758418, 1.168968133530953, 1.1224582701066197]"
9,タケノコ(Takenoko),https://x.boardgamearena.net/data/themereleases/200422-1124/games/takenoko/200213-1218/img/game_box180.png,https://ja.boardgamearena.com/gamepanel?game=takenoko,"[1.133849644047956, 1.1932253774770487, 0.8192912462010042]"
10,十二季節の魔法使い(Seasons),https://x.boardgamearena.net/data/themereleases/200422-1124/games/seasons/200310-0942/img/game_box180.png,https://ja.boardgamearena.com/gamepanel?game=seasons,"[58.07295762341171, 85.23241590214033, 90.12986020096217]"
11,すしゴー!(SushiGo!),https://x.boardgamearena.net/data/themereleases/200422-1124/games/sushigo/200402-0948/img/game_box180.png,https://ja.boardgamearena.com/gamepanel?game=sushigo,"[5.113197465854952, 3.3102053278184798, 3.558354324084604]"
12,ダイスフォージ(DiceForge),https://x.boardgamearena.net/data/themereleases/200422-1124/games/diceforge/190821-2328/img/game_box180.png,https://ja.boardgamearena.com/gamepanel?game=diceforge,"[205.86136121598685, 191.82176396554135, 176.54138832414174]"
13,フレンチ・タロット(FrenchTarot),https://x.boardgamearena.net/data/themereleases/200422-1124/games/frenchtarot/200410-1917/img/game_box180.png,https://ja.boardgamearena.com/gamepanel?game=frenchtarot,"[1.2900181142255178, 2.1898179044547135, 1.040137286659217]"
14,お邪魔者(Saboteur),https://x.boardgamearena.net/data/themereleases/200422-1124/games/saboteur/200214-1609/img/game_box180.png,https://ja.boardgamearena.com/gamepanel?game=saboteur,"[6.422012578606569, 3.0734052111354444, 13.541509433955234]"
15,ラ・グランハ(LaGranja),https://x.boardgamearena.net/data/themereleases/200422-1124/games/lagranja/200422-0207/img/game_box180.png,https://ja.boardgamearena.com/gamepanel?game=lagranja,"[0.33578352179672777, 0.26106623588042055, 0.21655896608466918]"
16,レース・フォー・ザ・ギャラクシー(RacefortheGalaxy),https://x.boardgamearena.net/data/themereleases/200422-1124/games/raceforthegalaxy/200214-1053/img/game_box180.png,https://ja.boardgamearena.com/gamepanel?game=raceforthegalaxy,"[0.08927095388557404, 0.07546701933858202, 0.08455943130074672]"
17,ソロ(Solo),https://x.boardgamearena.net/data/themereleases/200422-1124/games/solo/200410-1950/img/game_box180.png,https://ja.boardgamearena.com/gamepanel?game=solo,"[27.619788219739377, 117.2918596955647, 168.7277465254654]"
18,スルー・ジ・エイジズ-新たなる文明の物語,https://x.boardgamearena.net/data/themereleases/200422-1124/games/throughtheagesnewstory/200214-1521/img/game_box180.png,https://ja.boardgamearena.com/gamepanel?game=throughtheagesnewstory,"[4.1494066335462065, 2.9157115326006675, 2.0339791053774263]"
19,クランズ・オブ・カレドニア(ClansofCaledonia),https://x.boardgamearena.net/data/themereleases/200422-1124/games/clansofcaledonia/200421-1637/img/game_box180.png,https://ja.boardgamearena.com/gamepanel?game=clansofcaledonia,"[0.9302095906883778, 0.6936244925025079, 0.2537035004859973]"
20,ラブレター(LoveLetter),https://x.boardgamearena.net/data/themereleases/200422-1124/games/loveletter/200213-1218/img/game_box180.png,https://ja.boardgamearena.com/gamepanel?game=loveletter,"[0.12153717002807696, 0.0722880328274016, 0.05596492865231539]"
21,ヤッツィー(Yahtzee),https://x.boardgamearena.net/data/themereleases/200422-1124/games/yatzy/200228-0906/img/game_box180.png,https://ja.boardgamearena.com/gamepanel?game=yatzy,"[0.21234328908421674, 0.11845501474839892, 0.12647492626082268]"
22,ロール・フォー・ザ・ギャラクシー(RollfortheGalaxy),https://x.boardgamearena.net/data/themereleases/200422-1124/games/rollforthegalaxy/200214-1553/img/game_box180.png,https://ja.boardgamearena.com/gamepanel?game=rollforthegalaxy,"[98.27195883866435, 58.45689084895078, 60.69878721058495]"
23,ロストシティ(LostCities),https://x.boardgamearena.net/data/themereleases/200422-1124/games/lostcities/200213-1218/img/game_box180.png,https://ja.boardgamearena.com/gamepanel?game=lostcities,"[0.831242105242822, 0.5011368421110802, 0.29802105262735523]"
24,ジャイプル(Jaipur),https://x.boardgamearena.net/data/themereleases/200422-1124/games/jaipur/200221-1802/img/game_box180.png,https://ja.boardgamearena.com/gamepanel?game=jaipur,"[1.2502724795458704, 0.824591280661295, 0.851089918240362]"
25,ブロット(Belote),https://x.boardgamearena.net/data/themereleases/200422-1124/games/belote/181010-1103/img/game_box180.png,https://ja.boardgamearena.com/gamepanel?game=belote,"[2.2963501526723604, 1.769812418194988, 1.6648974843444933]"
26,コルト・エクスプレス(ColtExpress),https://x.boardgamearena.net/data/themereleases/200422-1124/games/coltexpress/181010-1104/img/game_box180.png,https://ja.boardgamearena.com/gamepanel?game=coltexpress,"[3.099590087573688, 2.0530091298575286, 1.4915222656974692]"
27,ツォルキン(Tzolk'in),https://x.boardgamearena.net/data/themereleases/200422-1124/games/tzolkin/190510-1402/img/game_box180.png,https://ja.boardgamearena.com/gamepanel?game=tzolkin,"[17.206599137490024, 90.43877244007436, 111.40898605957085]"
28,東海道(Tokaido),https://x.boardgamearena.net/data/themereleases/200422-1124/games/tokaido/200221-1844/img/game_box180.png,https://ja.boardgamearena.com/gamepanel?game=tokaido,"[251.21546012268522, 251.68237218812618, 248.83623721881162]"
29,トック(Tock),https://x.boardgamearena.net/data/themereleases/200422-1124/games/toc/200421-1701/img/game_box180.png,https://ja.boardgamearena.com/gamepanel?game=toc,"[236.54281987096095, 216.91372562845748, 193.9625568522395]"
30,ハーツ(Hearts),https://x.boardgamearena.net/data/themereleases/200422-1124/games/hearts/160920-1147/img/game_box180.png,https://ja.boardgamearena.com/gamepanel?game=hearts,"[1.7791847355155852, 1.022434229572653, 0.8979473836558896]"
31,ロシアンレールロード(RussianRailroads),https://x.boardgamearena.net/data/themereleases/200422-1124/games/russianrailroads/200224-1831/img/game_box180.png,https://ja.boardgamearena.com/gamepanel?game=russianrailroads,"[1.3837176403751812, 0.8987126892164241, 1.5414485782939877]"
32,フォー・セール(ForSale),https://x.boardgamearena.net/data/themereleases/200422-1124/games/forsale/200218-1002/img/game_box180.png,https://ja.boardgamearena.com/gamepanel?game=forsale,"[103.19119327032915, 114.60245092948261, 70.78533596427164]"
33,レッド7(Red7),https://x.boardgamearena.net/data/themereleases/200422-1124/games/redsevengame/200309-0947/img/game_box180.png,https://ja.boardgamearena.com/gamepanel?game=redsevengame,"[3.2156147560007113, 3.210351355107292, 6.081952075337412]"
34,インカの黄金(IncanGold),https://x.boardgamearena.net/data/themereleases/200422-1124/games/incangold/200224-1752/img/game_box180.png,https://ja.boardgamearena.com/gamepanel?game=incangold,"[3.286366644616315, 3.8421575115942446, 1.670880211784521]"
35,イノベーション(Innovation),https://x.boardgamearena.net/data/themereleases/200422-1124/games/innovation/200127-1823/img/game_box180.png,https://ja.boardgamearena.com/gamepanel?game=innovation,"[0.0528156384501699, 0.020534433300412047, 0.007980631259954407]"
36,バックギャモン,https://x.boardgamearena.net/data/themereleases/200422-1124/games/backgammon/200213-1219/img/game_box180.png,https://ja.boardgamearena.com/gamepanel?game=backgammon,"[210.06217450525114, 139.58264562134477, 73.15135005207594]"
37,クー(Coup),https://x.boardgamearena.net/data/themereleases/200422-1124/games/coupcitystate/200421-0449/img/game_box180.png,https://ja.boardgamearena.com/gamepanel?game=coupcitystate,"[251.5527406291361, 230.41523827463055, 171.99011113205285]"
38,ミラーズホロウの人狼(TheWerewolvesofMiller'sHollow),https://x.boardgamearena.net/data/themereleases/200422-1124/games/werewolves/200221-2130/img/game_box180.png,https://ja.boardgamearena.com/gamepanel?game=werewolves,"[1.992328914598474, 1.9369490612954152, 5.477558710718277]"
39,中世の建築士たち,https://x.boardgamearena.net/data/themereleases/200422-1124/games/thebuilders/170724-1654/img/game_box180.png,https://ja.boardgamearena.com/gamepanel?game=thebuilders,"[101.00593866335672, 68.94655202978214, 42.88849494771042]"
40,バブリーポップ(BubbleePop),https://x.boardgamearena.net/data/themereleases/200422-1124/games/bubbleepop/200214-1808/img/game_box180.png,https://ja.boardgamearena.com/gamepanel?game=bubbleepop,"[0.9299202685785701, 1.3748216533943491, 1.030717582855516]"
41,オーヘル(OhHell!),https://x.boardgamearena.net/data/themereleases/200422-1124/games/ohhell/181010-1107/img/game_box180.png,https://ja.boardgamearena.com/gamepanel?game=ohhell,"[239.75203380877554, 179.00750132066096, 60.833491811945464]"
42,キングズ・ギルド(TheKing'sGuild),https://x.boardgamearena.net/data/themereleases/200422-1124/games/kingsguild/200410-0746/img/game_box180.png,https://ja.boardgamearena.com/gamepanel?game=kingsguild,"[1.7604389472564321, 1.3346042964606255, 1.3208406956082825]"
43,ペルド(Perudo),https://x.boardgamearena.net/data/themereleases/200422-1124/games/dudo/181010-1104/img/game_box180.png,https://ja.boardgamearena.com/gamepanel?game=dudo,"[240.06078758715842, 168.3914367082473, 26.5773347736456]"
44,コロレット(Coloretto),https://x.boardgamearena.net/data/themereleases/200422-1124/games/coloretto/161205-1618/img/game_box180.png,https://ja.boardgamearena.com/gamepanel?game=coloretto,"[1.3234869371055495, 4.597085466707121, 0.7456347643519337]"
45,ケイラス(Caylus),https://x.boardgamearena.net/data/themereleases/200422-1124/games/caylus/160826-2312/img/game_box180.png,https://ja.boardgamearena.com/gamepanel?game=caylus,"[0.2612442768370329, 0.21052159078357136, 0.22847652394037254]"
46,凶星のデストラップ(NotAlone),https://x.boardgamearena.net/data/themereleases/200422-1124/games/notalone/190702-1140/img/game_box180.png,https://ja.boardgamearena.com/gamepanel?game=notalone,"[0.31739828320665, 0.1939423546658645, 0.33917230791279707]"
47,タルギ(Targi),https://x.boardgamearena.net/data/themereleases/200422-1124/games/targi/200221-1942/img/game_box180.png,https://ja.boardgamearena.com/gamepanel?game=targi,"[27.898903612023663, 28.638461021056685, 35.171588080981884]"
48,トロワ(Troyes),https://x.boardgamearena.net/data/themereleases/200422-1124/games/troyes/181010-1110/img/game_box180.png,https://ja.boardgamearena.com/gamepanel?game=troyes,"[0.4182011331602098, 0.3142705382483939, 0.19741501415490603]"
49,チェス,https://x.boardgamearena.net/data/themereleases/200422-1124/games/chess/200214-0955/img/game_box180.png,https://ja.boardgamearena.com/gamepanel?game=chess,"[0.5766183056919942, 0.5766183056919942, 0.44945067565367225]"
50,セレスティア(Celestia),https://x.boardgamearena.net/data/themereleases/200422-1124/games/celestia/181010-1103/img/game_box180.png,https://ja.boardgamearena.com/gamepanel?game=celestia,"[66.13523683045838, 139.09495351925415, 144.7478972996923]"
51,ハイブ(Hive),https://x.boardgamearena.net/data/themereleases/200422-1124/games/hive/170913-1826/img/game_box180.png,https://ja.boardgamearena.com/gamepanel?game=hive,"[247.7939456739121, 248.1191621641747, 248.03138183703106]"
52,それはオレの牧場だ!(BattleSheep),https://x.boardgamearena.net/data/themereleases/200422-1124/games/splits/151125-1439/img/game_box180.png,https://ja.boardgamearena.com/gamepanel?game=splits,"[3.3387096774242195, 5.649704679705437, 2.2686278964149125]"
53,大噴火(Eruption),https://x.boardgamearena.net/data/themereleases/200422-1124/games/akeruption/181010-1102/img/game_box180.png,https://ja.boardgamearena.com/gamepanel?game=akeruption,"[120.85496351979019, 140.52807870882535, 99.42007517133979]"
54,リベルタリア(Libertalia),https://x.boardgamearena.net/data/themereleases/200422-1124/games/libertalia/191217-1614/img/game_box180.png,https://ja.boardgamearena.com/gamepanel?game=libertalia,"[11.399484536090107, 8.107952871859489, 7.300294550816204]"
55,キーフラワー(Keyflower),https://x.boardgamearena.net/data/themereleases/200422-1124/games/keyflower/181010-1105/img/game_box180.png,https://ja.boardgamearena.com/gamepanel?game=keyflower,"[0.26358296621134514, 0.2583385777137863, 0.2509964337992301]"
56,エミネント・ドメイン(EminentDomain),https://x.boardgamearena.net/data/themereleases/200422-1124/games/eminentdomain/200213-1222/img/game_box180.png,https://ja.boardgamearena.com/gamepanel?game=eminentdomain,"[0.2703849651439896, 1.2423461654990362, 1.6875568354102626]"
57,カラーポップ(ColorPop),https://x.boardgamearena.net/data/themereleases/200422-1124/games/colorpop/151125-1118/img/game_box180.png,https://ja.boardgamearena.com/gamepanel?game=colorpop,"[65.4106510823917, 64.00057617911261, 65.1518643509758]"
58,古代の建築士たち,https://x.boardgamearena.net/data/themereleases/200422-1124/games/thebuildersantiquity/190710-2358/img/game_box180.png,https://ja.boardgamearena.com/gamepanel?game=thebuildersantiquity,"[129.06888178913718, 69.14594249201132, 43.540319488824196]"
59,セベク(Sobek),https://x.boardgamearena.net/data/themereleases/200422-1124/games/sobek/181010-1109/img/game_box180.png,https://ja.boardgamearena.com/gamepanel?game=sobek,"[0.8484982985790595, 0.6631898209984399, 0.4293534546641382]"
60,タシュ=カラール(Tash-Kalar),https://x.boardgamearena.net/data/themereleases/200422-1124/games/tashkalar/190509-2105/img/game_box180.png,https://ja.boardgamearena.com/gamepanel?game=tashkalar,"[3.2115442732148836, 1.7213659715789476, 0.7979248514241561]"
61,インベンターズ(LegendaryInventors),https://x.boardgamearena.net/data/themereleases/200422-1124/games/inventors/170725-1605/img/game_box180.png,https://ja.boardgamearena.com/gamepanel?game=inventors,"[57.47396925226854, 38.40417540181214, 35.39622641509462]"
62,K2,https://x.boardgamearena.net/data/themereleases/200422-1124/games/k2/151125-1444/img/game_box180.png,https://ja.boardgamearena.com/gamepanel?game=k2,"[219.58661265431476, 226.12027391976522, 231.58931327158479]"
63,P.I.,https://x.boardgamearena.net/data/themereleases/200422-1124/games/pi/191226-1621/img/game_box180.png,https://ja.boardgamearena.com/gamepanel?game=pi,"[42.34820154689325, 24.61485319516257, 17.209206277690384]"
64,ルイス・クラーク探検隊(Lewis&Clark),https://x.boardgamearena.net/data/themereleases/200422-1124/games/lewisclark/191117-2156/img/game_box180.png,https://ja.boardgamearena.com/gamepanel?game=lewisclark,"[1.635094715848311, 1.4144566301110615, 1.2299102692176405]"
65,タルバ(Taluva),https://x.boardgamearena.net/data/themereleases/200422-1124/games/taluva/200212-0539/img/game_box180.png,https://ja.boardgamearena.com/gamepanel?game=taluva,"[3.9449372028789753, 6.504505783030339, 7.867735755314953]"
66,ザ・ボス(TheBoss),https://x.boardgamearena.net/data/themereleases/200422-1124/games/theboss/181010-1109/img/game_box180.png,https://ja.boardgamearena.com/gamepanel?game=theboss,"[240.9413110301048, 242.8429480305816, 233.03274001003092]"
67,クシディット王国記(LordsofXidit),https://x.boardgamearena.net/data/themereleases/200422-1124/games/lox/181107-1837/img/game_box180.png,https://ja.boardgamearena.com/gamepanel?game=lox,"[48.45000000000165, 78.855347593578, 87.33917112299855]"
68,ドラゴンハート(Dragonheart),https://x.boardgamearena.net/data/themereleases/200422-1124/games/dragonheart/181010-1104/img/game_box180.png,https://ja.boardgamearena.com/gamepanel?game=dragonheart,"[5.214515459630263, 0.5183648059723964, 1.0932766134105556]"
69,こいこい,https://x.boardgamearena.net/data/themereleases/200422-1124/games/koikoi/200221-2218/img/game_box180.png,https://ja.boardgamearena.com/gamepanel?game=koikoi,"[2.023056685015405, 1.73714422388219, 1.6088495575233956]"
70,マキャベリ(Machiavelli),https://x.boardgamearena.net/data/themereleases/200422-1124/games/machiavelli/200102-2026/img/game_box180.png,https://ja.boardgamearena.com/gamepanel?game=machiavelli,"[0.20890966947460043, 0.16137411519514444, 0.1265017208829633]"
71,マデイラ(Madeira),https://x.boardgamearena.net/data/themereleases/200422-1124/games/madeira/181010-1106/img/game_box180.png,https://ja.boardgamearena.com/gamepanel?game=madeira,"[0.3837736171625892, 0.19261349065887146, 0.15910062409833614]"
72,覇王龍城(DragonCastle),https://x.boardgamearena.net/data/themereleases/200422-1124/games/dragoncastle/200316-2202/img/game_box180.png,https://ja.boardgamearena.com/gamepanel?game=dragoncastle,"[2.0270412458236535, 0.9632786195197127, 0.6724537037101186]"
73,クァンタム(Quantum),https://x.boardgamearena.net/data/themereleases/200422-1124/games/quantum/181006-0441/img/game_box180.png,https://ja.boardgamearena.com/gamepanel?game=quantum,"[4.385294664437794, 2.373582450277567, 2.399423684700963]"
74,エルフェンランド(Elfenland),https://x.boardgamearena.net/data/themereleases/200422-1124/games/elfenland/200221-2028/img/game_box180.png,https://ja.boardgamearena.com/gamepanel?game=elfenland,"[136.11273923444463, 142.00448564593438, 92.81429425837456]"
75,ドラゴンイヤー(InTheYearoftheDragon),https://x.boardgamearena.net/data/themereleases/200422-1124/games/intheyearofthedragon/170516-0932/img/game_box180.png,https://ja.boardgamearena.com/gamepanel?game=intheyearofthedragon,"[115.48902752293432, 51.74121100917321, 35.91750458715558]"
76,トバゴ(Tobago),https://x.boardgamearena.net/data/themereleases/200422-1124/games/tobago/190401-1859/img/game_box180.png,https://ja.boardgamearena.com/gamepanel?game=tobago,"[4.351475661176849, 3.4999999999967883, 4.276159448065954]"
77,リバーシ,https://x.boardgamearena.net/data/themereleases/200422-1124/games/reversi/151226-1437/img/game_box180.png,https://ja.boardgamearena.com/gamepanel?game=reversi,"[44.13938629334183, 87.0287725866841, 51.64374084323537]"
78,ニッポン：明治維新(Nippon),https://x.boardgamearena.net/data/themereleases/200422-1124/games/nippon/181010-1107/img/game_box180.png,https://ja.boardgamearena.com/gamepanel?game=nippon,"[1.3888730791205433, 2.223534433708835, 2.452689243035465]"
79,チェッカー,https://x.boardgamearena.net/data/themereleases/200422-1124/games/checkers/190314-1255/img/game_box180.png,https://ja.boardgamearena.com/gamepanel?game=checkers,"[123.08515151515329, 50.96333333331912, 11.556666666677572]"
80,ステアフライ・エイティーン(StirFryEighteen),https://x.boardgamearena.net/data/themereleases/200422-1124/games/stirfryeighteen/200414-2138/img/game_box180.png,https://ja.boardgamearena.com/gamepanel?game=stirfryeighteen,"[253.85752993069104, 253.21676118461292, 253.18437303083928]"
81,コリドール(Quoridor),https://x.boardgamearena.net/data/themereleases/200422-1124/games/quoridor/180420-1209/img/game_box180.png,https://ja.boardgamearena.com/gamepanel?game=quoridor,"[3.2652483416921427, 1.1468209027649934, 0.9033327940623082]"
82,ボタン(Buttons),https://x.boardgamearena.net/data/themereleases/200422-1124/games/buttons/181010-1103/img/game_box180.png,https://ja.boardgamearena.com/gamepanel?game=buttons,"[10.978229247464121, 24.018910007758965, 34.34091349883291]"
83,シニョーリエ(Signorie),https://x.boardgamearena.net/data/themereleases/200422-1124/games/signorie/190523-1655/img/game_box180.png,https://ja.boardgamearena.com/gamepanel?game=signorie,"[2.093280202851375, 1.0278934975468133, 0.5252671617569646]"
84,カフナ(Kahuna),https://x.boardgamearena.net/data/themereleases/200422-1124/games/kahuna/151229-1600/img/game_box180.png,https://ja.boardgamearena.com/gamepanel?game=kahuna,"[2.6252762708271575, 3.6707521264535643, 5.5651329448870115]"
85,クアルト(Quarto),https://x.boardgamearena.net/data/themereleases/200422-1124/games/quarto/170202-1134/img/game_box180.png,https://ja.boardgamearena.com/gamepanel?game=quarto,"[57.03820391961922, 50.51418175804386, 44.26139088729017]"
86,高麗(Koryŏ),https://x.boardgamearena.net/data/themereleases/200422-1124/games/koryo/160904-0355/img/game_box180.png,https://ja.boardgamearena.com/gamepanel?game=koryo,"[7.758271534520901, 7.705576155168757, 4.294566457498362]"
87,ガイア(Gaïa),https://x.boardgamearena.net/data/themereleases/200422-1124/games/gaia/181010-1105/img/game_box180.png,https://ja.boardgamearena.com/gamepanel?game=gaia,"[5.084574833824817, 4.486362594562536, 3.5387730154805297]"
88,ダンジョン・ツイスター(DungeonTwister),https://x.boardgamearena.net/data/themereleases/200422-1124/games/dungeontwister/200327-2350/img/game_box180.png,https://ja.boardgamearena.com/gamepanel?game=dungeontwister,"[0.9577985350540601, 1.1993145622021473, 1.1528795107815526]"
89,レーダー作戦ゲーム(BattleshipsPencil&Paper),https://x.boardgamearena.net/data/themereleases/200422-1124/games/battleship/190828-0518/img/game_box180.png,https://ja.boardgamearena.com/gamepanel?game=battleship,"[199.44062890597837, 226.26669298073494, 233.68508650748896]"
90,ハワイ(Hawaii),https://x.boardgamearena.net/data/themereleases/200422-1124/games/hawaii/151125-1134/img/game_box180.png,https://ja.boardgamearena.com/gamepanel?game=hawaii,"[0.33390074637496525, 0.29861202043824164, 0.22862380515024938]"
91,カッラーラの宮殿(ThePalacesofCarrara),https://x.boardgamearena.net/data/themereleases/200422-1124/games/carrara/191217-1522/img/game_box180.png,https://ja.boardgamearena.com/gamepanel?game=carrara,"[2.245257124414593, 1.2576087833955114, 0.8778558165778634]"
92,クロスマスター・アリーナ(KrosmasterArena),https://x.boardgamearena.net/data/themereleases/200422-1124/games/krosmasterarena/200329-2343/img/game_box180.png,https://ja.boardgamearena.com/gamepanel?game=krosmasterarena,"[80.72721914417075, 86.38241188258738, 83.64340445596676]"
93,スカート(Skat),https://x.boardgamearena.net/data/themereleases/200422-1124/games/skat/200416-1824/img/game_box180.png,https://ja.boardgamearena.com/gamepanel?game=skat,"[51.35535991714352, 39.571310201970974, 25.660901087522554]"
94,シャム(Siam),https://x.boardgamearena.net/data/themereleases/200422-1124/games/siam/191112-1411/img/game_box180.png,https://ja.boardgamearena.com/gamepanel?game=siam,"[52.98667747915523, 95.54749768304424, 79.95134383689012]"
95,ゴス(Gosu),https://x.boardgamearena.net/data/themereleases/200422-1124/games/gosu/151125-1124/img/game_box180.png,https://ja.boardgamearena.com/gamepanel?game=gosu,"[0.790729913810452, 0.7558917485484358, 0.740461696075954]"
96,スパイリウム(Spyrium),https://x.boardgamearena.net/data/themereleases/200422-1124/games/spyrium/190917-2149/img/game_box180.png,https://ja.boardgamearena.com/gamepanel?game=spyrium,"[1.2429532819671039, 0.7065249195479169, 0.3422412952250937]"
97,囲碁,https://x.boardgamearena.net/data/themereleases/200422-1124/games/classicgo/170529-1315/img/game_box180.png,https://ja.boardgamearena.com/gamepanel?game=classicgo,"[1.0197219329896683, 0.37814662830510315, 0.2600600232808219]"
98,シークレットムーン(SecretMoon),https://x.boardgamearena.net/data/themereleases/200422-1124/games/secretmoon/200224-1905/img/game_box180.png,https://ja.boardgamearena.com/gamepanel?game=secretmoon,"[5.589083419159216, 8.225540679704565, 6.027442903008264]"
99,アミティス(Amyitis),https://x.boardgamearena.net/data/themereleases/200422-1124/games/amyitis/190702-1709/img/game_box180.png,https://ja.boardgamearena.com/gamepanel?game=amyitis,"[2.7472175514343817, 3.286732324433572, 3.724077187922454]"
100,テルモピュレ(Thermopyles),https://x.boardgamearena.net/data/themereleases/200422-1124/games/thermopyles/181010-1109/img/game_box180.png,https://ja.boardgamearena.com/gamepanel?game=thermopyles,"[0.1811768961821798, 0.46985409381383647, 0.4195104304842161]"
101,五目並べ,https://x.boardgamearena.net/data/themereleases/200422-1124/games/gomoku/160731-1501/img/game_box180.png,https://ja.boardgamearena.com/gamepanel?game=gomoku,"[232.34381638495282, 172.29708137063653, 93.42426341553356]"
102,ブリスコラ(Briscola),https://x.boardgamearena.net/data/themereleases/200422-1124/games/briscola/181024-1803/img/game_box180.png,https://ja.boardgamearena.com/gamepanel?game=briscola,"[0.6307564548001068, 0.6307564547589095, 0.6307564548030058]"
103,セイントポーカー(SaintPoker),https://x.boardgamearena.net/data/themereleases/200422-1124/games/saintpoker/200121-2318/img/game_box180.png,https://ja.boardgamearena.com/gamepanel?game=saintpoker,"[226.4776848874663, 226.4813290460936, 227.470353697757]"
104,ルール川の石炭貿易,https://x.boardgamearena.net/data/themereleases/200422-1124/games/ruhr/200421-1932/img/game_box180.png,https://ja.boardgamearena.com/gamepanel?game=ruhr,"[3.2408679681766017, 3.2895721379675393, 2.9464662267770123]"
105,ナイアガラ(Niagara),https://x.boardgamearena.net/data/themereleases/200422-1124/games/niagara/170406-1712/img/game_box180.png,https://ja.boardgamearena.com/gamepanel?game=niagara,"[191.31371558475274, 160.6170750189462, 106.51793382167301]"
106,スルー・ジ・エイジズ(ThroughtheAges),https://x.boardgamearena.net/data/themereleases/200422-1124/games/throughtheages/190514-1114/img/game_box180.png,https://ja.boardgamearena.com/gamepanel?game=throughtheages,"[3.3571268740090403, 3.294473036492654, 3.271574550603276]"
107,ポリス：ペロポネソス戦争,https://x.boardgamearena.net/data/themereleases/200422-1124/games/polis/190109-1810/img/game_box180.png,https://ja.boardgamearena.com/gamepanel?game=polis,"[1.3942113529245503, 0.4704958492182705, 1.1701592999752055]"
108,バトル・オブ・リッツ(BattleofLITS),https://x.boardgamearena.net/data/themereleases/200422-1124/games/battleoflits/181010-1103/img/game_box180.png,https://ja.boardgamearena.com/gamepanel?game=battleoflits,"[2.7256419343757443e-11, 4.718003765447065e-12, -1.5425882793351775e-11]"
109,カラハ(Kalah),https://x.boardgamearena.net/data/themereleases/200422-1124/games/kalah/170719-1617/img/game_box180.png,https://ja.boardgamearena.com/gamepanel?game=kalah,"[0.10617459189990797, 0.0620298083795241, 0.05445942749873112]"
110,アッシリア(Assyria),https://x.boardgamearena.net/data/themereleases/200422-1124/games/assyria/151125-1109/img/game_box180.png,https://ja.boardgamearena.com/gamepanel?game=assyria,"[0.5058614565133439, 0.22264653639903997, 0.04342806394276977]"
111,ノーチラス(Nautilus),https://x.boardgamearena.net/data/themereleases/200422-1124/games/nautilus/190616-0001/img/game_box180.png,https://ja.boardgamearena.com/gamepanel?game=nautilus,"[1.3210573210746475, 1.3575141075136656, 1.7519305019466316]"
112,サークル・オブ・ライフ(CircleofLife),https://x.boardgamearena.net/data/themereleases/200422-1124/games/circleoflife/191022-2035/img/game_box180.png,https://ja.boardgamearena.com/gamepanel?game=circleoflife,"[198.30435041362878, 197.17479021602327, 196.5043147056984]"
113,オリジン(Origin),https://x.boardgamearena.net/data/themereleases/200422-1124/games/origin/180625-0047/img/game_box180.png,https://ja.boardgamearena.com/gamepanel?game=origin,"[2.2516377248348647, 1.5450764271529067, 1.4576271186271583]"
114,アイスコールドアイスホッケー(IceColdIceHockey),https://x.boardgamearena.net/data/themereleases/200422-1124/games/icecoldicehockey/200218-1948/img/game_box180.png,https://ja.boardgamearena.com/gamepanel?game=icecoldicehockey,"[1.2663630124479965, 1.5327884195650086, 1.9859611904733043]"
115,カーソンシティ動物園の黙示録(ApocalypseauZoodeCarsonCity),https://x.boardgamearena.net/data/themereleases/200422-1124/games/apocalypseazcc/181113-1529/img/game_box180.png,https://ja.boardgamearena.com/gamepanel?game=apocalypseazcc,"[2.7128587149658827, 3.412003724703794, 2.613476678220742]"
116,バトルフォーヒル218(TheBattleforHill218),https://x.boardgamearena.net/data/themereleases/200422-1124/games/battleforhill/200409-2329/img/game_box180.png,https://ja.boardgamearena.com/gamepanel?game=battleforhill,"[45.07762193178205, 47.43831686324454, 35.63492189990405]"
117,北西航路探検(NorthwestPassage),https://x.boardgamearena.net/data/themereleases/200422-1124/games/northwestpassage/161125-1827/img/game_box180.png,https://ja.boardgamearena.com/gamepanel?game=northwestpassage,"[5.5709155021556285, 2.7675329763917063, 1.2393887945499173]"
118,ヒプノシア(Hypnosia),https://x.boardgamearena.net/data/themereleases/200422-1124/games/hypnosia/190326-1706/img/game_box180.png,https://ja.boardgamearena.com/gamepanel?game=hypnosia,"[5.425179377160674, 4.725349508109943, 5.580146460546999]"
119,クロノス(Khronos),https://x.boardgamearena.net/data/themereleases/200422-1124/games/khronos/180308-0259/img/game_box180.png,https://ja.boardgamearena.com/gamepanel?game=khronos,"[1.4494005963504293, 1.2685450008964523, 1.1777520842053661]"
120,ハギス(Haggis),https://x.boardgamearena.net/data/themereleases/200422-1124/games/haggis/151125-1127/img/game_box180.png,https://ja.boardgamearena.com/gamepanel?game=haggis,"[0.5768772347958162, 1.8280962184598337, 0.4633763138022182]"
121,ナイン・メンズ・モリス(NineMen'sMorris),https://x.boardgamearena.net/data/themereleases/200422-1124/games/ninemensmorris/180606-2111/img/game_box180.png,https://ja.boardgamearena.com/gamepanel?game=ninemensmorris,"[253.48829495196802, 253.48829495196802, 203.6437776422128]"
122,セネト(Senet),https://x.boardgamearena.net/data/themereleases/200422-1124/games/senet/181010-1108/img/game_box180.png,https://ja.boardgamearena.com/gamepanel?game=senet,"[0.47142630994187584, 0.4912141839609063, 0.4425360139121892]"
123,タカラアイランド(TakaraIsland),https://x.boardgamearena.net/data/themereleases/200422-1124/games/takaraisland/170709-1847/img/game_box180.png,https://ja.boardgamearena.com/gamepanel?game=takaraisland,"[0.8890093395522598, 1.06387591729451, 0.9563875917305467]"
124,タイム・マスターズ(TimeMasters),https://x.boardgamearena.net/data/themereleases/200422-1124/games/timemasters/181010-1110/img/game_box180.png,https://ja.boardgamearena.com/gamepanel?game=timemasters,"[7.981919229327289, 4.648832901084866, 3.8335679881438978]"
125,ナイル(Nile),https://x.boardgamearena.net/data/themereleases/200422-1124/games/aknile/170106-2145/img/game_box180.png,https://ja.boardgamearena.com/gamepanel?game=aknile,"[221.60421520863983, 206.56735861046184, 167.25312433807795]"
126,ボンベイ(Bombay),https://x.boardgamearena.net/data/themereleases/200422-1124/games/bombay/170411-1212/img/game_box180.png,https://ja.boardgamearena.com/gamepanel?game=bombay,"[127.52193612554015, 122.6868162227862, 76.0144767377612]"
127,シンコ(Cinco),https://x.boardgamearena.net/data/themereleases/200422-1124/games/cinco/130820-0921/img/game_box180.png,https://ja.boardgamearena.com/gamepanel?game=cinco,"[19.141246448862134, 110.94202769886837, 235.9128196022758]"
128,双子のブリキロボ(TwinTinBots),https://x.boardgamearena.net/data/themereleases/200422-1124/games/twintinbots/170407-1205/img/game_box180.png,https://ja.boardgamearena.com/gamepanel?game=twintinbots,"[0.7607746863451013, 0.8295826513689804, 0.5468494271761699]"
129,トゥルネー(Tournay),https://x.boardgamearena.net/data/themereleases/200422-1124/games/tournay/191226-1525/img/game_box180.png,https://ja.boardgamearena.com/gamepanel?game=tournay,"[2.2867013563090097, 3.0058858653860057, 1.565298984905887]"
130,ノワール：殺人鬼vs捜査官,https://x.boardgamearena.net/data/themereleases/200422-1124/games/noirkvi/181010-1107/img/game_box180.png,https://ja.boardgamearena.com/gamepanel?game=noirkvi,"[10.782276444580887, 8.269473119718313, 6.845421638280968]"
131,エイト・マスターズ・リベンジ(8Masters'Revenge),https://x.boardgamearena.net/data/themereleases/200422-1124/games/eightmastersrevenge/190401-1620/img/game_box180.png,https://ja.boardgamearena.com/gamepanel?game=eightmastersrevenge,"[1.4408918479337842, 1.221955562453502, 1.0822946504713116]"
132,ネクサス(NXS),https://x.boardgamearena.net/data/themereleases/200422-1124/games/nxs/200412-0519/img/game_box180.png,https://ja.boardgamearena.com/gamepanel?game=nxs,"[4.652170930799819, 4.627820838187603, 5.632004938592502]"
133,ギアとピストン(Gear&Piston),https://x.boardgamearena.net/data/themereleases/200422-1124/games/gearnpiston/191217-1609/img/game_box180.png,https://ja.boardgamearena.com/gamepanel?game=gearnpiston,"[0.7053637575808338, 0.7336642465462475, 0.7285523781364844]"
134,ティキ(Tiki),https://x.boardgamearena.net/data/themereleases/200422-1124/games/tiki/180514-1533/img/game_box180.png,https://ja.boardgamearena.com/gamepanel?game=tiki,"[195.11558341581343, 152.87022984713713, 56.93599472121677]"
135,アルマデーラ(Armadöra),https://x.boardgamearena.net/data/themereleases/200422-1124/games/armadora/150206-1456/img/game_box180.png,https://ja.boardgamearena.com/gamepanel?game=armadora,"[0.6875209943127487, 0.5732280819759126, 0.4522169969583416]"
136,メトロマニア(Metromania),https://x.boardgamearena.net/data/themereleases/200422-1124/games/metromaniab/181010-1106/img/game_box180.png,https://ja.boardgamearena.com/gamepanel?game=metromaniab,"[1.1744136155553804, 1.1077660182886149, 1.1045480549406221]"
137,カバレオ(Kabaleo),https://x.boardgamearena.net/data/themereleases/200422-1124/games/kabaleo/180120-1927/img/game_box180.png,https://ja.boardgamearena.com/gamepanel?game=kabaleo,"[240.61316720729843, 238.92531701564695, 244.42546446477263]"
138,パレス(Palace),https://x.boardgamearena.net/data/themereleases/200422-1124/games/palace/200110-1425/img/game_box180.png,https://ja.boardgamearena.com/gamepanel?game=palace,"[203.93089430894878, 202.19001902786, 208.0626189240735]"
139,ディアムス(Diam's),https://x.boardgamearena.net/data/themereleases/200422-1124/games/diams/181010-1104/img/game_box180.png,https://ja.boardgamearena.com/gamepanel?game=diams,"[0.18356846472075006, 0.12835408021810935, 0.1287413554684136]"
140,ピロス(Pylos),https://x.boardgamearena.net/data/themereleases/200422-1124/games/pylos/180110-1241/img/game_box180.png,https://ja.boardgamearena.com/gamepanel?game=pylos,"[73.51526855763237, 61.90271575135767, 58.35733252866714]"
141,ロガー(Logger),https://x.boardgamearena.net/data/themereleases/200422-1124/games/logger/181010-1106/img/game_box180.png,https://ja.boardgamearena.com/gamepanel?game=logger,"[58.398887700538225, 164.19820320855248, 56.27007486631039]"
142,ママラス(Mammalath),https://x.boardgamearena.net/data/themereleases/200422-1124/games/mammalath/200215-1630/img/game_box180.png,https://ja.boardgamearena.com/gamepanel?game=mammalath,"[0.41987550269399776, 0.41987550269399776, 0.41987550269399776]"
143,ベジ・ガーデン(VeggieGarden),https://x.boardgamearena.net/data/themereleases/200422-1124/games/veggiegarden/170811-1949/img/game_box180.png,https://ja.boardgamearena.com/gamepanel?game=veggiegarden,"[1.1767838125523014, 0.9798476284064606, 0.600393217019402]"
144,ペニープレス(PennyPress),https://x.boardgamearena.net/data/themereleases/200422-1124/games/pennypress/190203-1140/img/game_box180.png,https://ja.boardgamearena.com/gamepanel?game=pennypress,"[222.67996807663212, 208.96603706660966, 183.57905471314942]"
145,ラインズ・オブ・アクション(LinesofAction),https://x.boardgamearena.net/data/themereleases/200422-1124/games/linesofaction/190320-1242/img/game_box180.png,https://ja.boardgamearena.com/gamepanel?game=linesofaction,"[121.35164330039999, 45.841798820178035, 10.026277484107823]"
146,ヘックス(Hex),https://x.boardgamearena.net/data/themereleases/200422-1124/games/hex/190117-1455/img/game_box180.png,https://ja.boardgamearena.com/gamepanel?game=hex,"[0.14097991364947404, 0.07477629684170495, 0.07408797949031509]"
147,ギルド(Guildes),https://x.boardgamearena.net/data/themereleases/200422-1124/games/guildes/180612-1858/img/game_box180.png,https://ja.boardgamearena.com/gamepanel?game=guildes,"[0.5427826653704528, 0.5936787227158717, 0.7200391006705615]"
148,アルヴィオル(Alveole),https://x.boardgamearena.net/data/themereleases/200422-1124/games/alveole/170518-1730/img/game_box180.png,https://ja.boardgamearena.com/gamepanel?game=alveole,"[228.32900432901187, 210.19738863290365, 158.407415165491]"
149,ドラゴンキーパー：ザ・ダンジョン,https://x.boardgamearena.net/data/themereleases/200422-1124/games/dragonkeeper/180409-1227/img/game_box180.png,https://ja.boardgamearena.com/gamepanel?game=dragonkeeper,"[70.46104218362115, 72.28263027295321, 51.407320099262]"
150,アウトロー：ラストマンスタンディング,https://x.boardgamearena.net/data/themereleases/200422-1124/games/outlaws/171024-1628/img/game_box180.png,https://ja.boardgamearena.com/gamepanel?game=outlaws,"[192.5386172006597, 51.72158516020186, 53.10784148398012]"
151,クリおじさんのテーブルガイプ(UncleChestnut'sTableGype),https://x.boardgamearena.net/data/themereleases/200422-1124/games/unclechestnuttablegype/181010-1110/img/game_box180.png,https://ja.boardgamearena.com/gamepanel?game=unclechestnuttablegype,"[0.007415380932307869, 0.005920344444508174, 0.0033488817182849573]"
152,ジャンビ(Djambi),https://x.boardgamearena.net/data/themereleases/200422-1124/games/djambi/170619-1517/img/game_box180.png,https://ja.boardgamearena.com/gamepanel?game=djambi,"[31.90486173505782, 32.53089747430282, 30.66267345509938]"
153,フロレンツァ・カードゲーム,https://x.boardgamearena.net/data/themereleases/200422-1124/games/florenzacardgame/170411-1044/img/game_box180.png,https://ja.boardgamearena.com/gamepanel?game=florenzacardgame,"[1.655756435217441, 0.7297533436171761, 0.42139928756925826]"
154,ディアヴォロの橋(PontedelDiavolo),https://x.boardgamearena.net/data/themereleases/200422-1124/games/pontedeldiavolo/200303-0043/img/game_box180.png,https://ja.boardgamearena.com/gamepanel?game=pontedeldiavolo,"[1.4593274255939548, 1.3686662122396456, 1.4600090888340418]"
155,ダーク・エージェント(DarkAgent),https://x.boardgamearena.net/data/themereleases/200422-1124/games/darkagent/181010-1104/img/game_box180.png,https://ja.boardgamearena.com/gamepanel?game=darkagent,"[5.277786670949212, 4.817192252279355, 4.004748946154365]"
156,ブルームズ(Blooms),https://x.boardgamearena.net/data/themereleases/200422-1124/games/blooms/190326-1515/img/game_box180.png,https://ja.boardgamearena.com/gamepanel?game=blooms,"[0.02738848400414895, -1.0672351891116705e-11, 4.106937012693379e-12]"
157,ユナイテッドスクエア(UnitedSquare),https://x.boardgamearena.net/data/themereleases/200422-1124/games/unitedsquare/130624-0945/img/game_box180.png,https://ja.boardgamearena.com/gamepanel?game=unitedsquare,"[252.62337033298144, 252.4586478304842, 252.21275479311862]"
158,シャンチー,https://x.boardgamearena.net/data/themereleases/200422-1124/games/xiangqi/160308-0008/img/game_box180.png,https://ja.boardgamearena.com/gamepanel?game=xiangqi,"[238.33633830518605, 144.50090149155963, 51.93542042288074]"
159,四色牌(FourColorCards),https://x.boardgamearena.net/data/themereleases/200422-1124/games/fourcolorcards/200216-1119/img/game_box180.png,https://ja.boardgamearena.com/gamepanel?game=fourcolorcards,"[240.58555252673216, 194.84304885720258, 147.74176976305134]"
160,ギュゲース(Gygès),https://x.boardgamearena.net/data/themereleases/200422-1124/games/gyges/151125-1126/img/game_box180.png,https://ja.boardgamearena.com/gamepanel?game=gyges,"[6.479174323162042, 1.5506553963114271, 1.6511699130196078]"
161,ゼリーモンスター研究所(TheJellyMonsterLab),https://x.boardgamearena.net/data/themereleases/200422-1124/games/thejellymonsterlab/181010-1109/img/game_box180.png,https://ja.boardgamearena.com/gamepanel?game=thejellymonsterlab,"[1.5636547258225448, 1.6531218439981359, 1.9103546605082755]"
162,チャイナゴールド(ChinaGold),https://x.boardgamearena.net/data/themereleases/200422-1124/games/chinagold/191217-1518/img/game_box180.png,https://ja.boardgamearena.com/gamepanel?game=chinagold,"[0.3637023066976326, 0.38800232120772193, 0.31510227764069043]"
163,タフル(tablut),https://x.boardgamearena.net/data/themereleases/200422-1124/games/tablut/180607-1136/img/game_box180.png,https://ja.boardgamearena.com/gamepanel?game=tablut,"[165.42675598463538, 113.31336814107297, 38.76977637671246]"
164,ニュートリーコ(Neutreeko),https://x.boardgamearena.net/data/themereleases/200422-1124/games/neutreeko/160213-1922/img/game_box180.png,https://ja.boardgamearena.com/gamepanel?game=neutreeko,"[174.72929694348642, 208.22102740926948, 127.45391853194026]"
165,リメンバーウェン(RememberWhen),https://x.boardgamearena.net/data/themereleases/200422-1124/games/rememberwhen/181010-1108/img/game_box180.png,https://ja.boardgamearena.com/gamepanel?game=rememberwhen,"[3.239517725390506, 2.202357387080056, 1.9586107611987984]"
166,グラミー(GORami),https://x.boardgamearena.net/data/themereleases/200422-1124/games/gorami/200410-2339/img/game_box180.png,https://ja.boardgamearena.com/gamepanel?game=gorami,"[0.7007843137190974, 0.39068627449616145, 0.7925490195896145]"
167,最後の人々(LeDernierPeuple),https://x.boardgamearena.net/data/themereleases/200422-1124/games/ledernierpeuple/181010-1106/img/game_box180.png,https://ja.boardgamearena.com/gamepanel?game=ledernierpeuple,"[0.06553472181073516, 0.058449887004936585, 0.058449887004936585]"
168,ジャンプゲート(JumpGate),https://x.boardgamearena.net/data/themereleases/200422-1124/games/jumpgate/191219-1052/img/game_box180.png,https://ja.boardgamearena.com/gamepanel?game=jumpgate,"[0.5708732963313281, 0.8678950025163843, 1.0871781928375697]"
169,エヴォ：名無しのゲーム,https://x.boardgamearena.net/data/themereleases/200422-1124/games/evogamenoname/170228-1908/img/game_box180.png,https://ja.boardgamearena.com/gamepanel?game=evogamenoname,"[253.22417568058677, 254.1797980458083, 253.99447730466588]"
170,ハックトリック(HackTrick),https://x.boardgamearena.net/data/themereleases/200422-1124/games/hacktrick/181107-1542/img/game_box180.png,https://ja.boardgamearena.com/gamepanel?game=hacktrick,"[0.15902891433306365, 0.1902164029715152, 0.1403891616619859]"
171,ドラゴンライン(DragonLine),https://x.boardgamearena.net/data/themereleases/200422-1124/games/dragonline/161115-0258/img/game_box180.png,https://ja.boardgamearena.com/gamepanel?game=dragonline,"[1.3697427677329301, 1.3967636057961101, 1.6139989313901566]"
172,カリビアンオールフォー(CaribbeanAllFours),https://x.boardgamearena.net/data/themereleases/200422-1124/games/caribbeanallfours/170120-1618/img/game_box180.png,https://ja.boardgamearena.com/gamepanel?game=caribbeanallfours,"[214.72841399137815, 25.27474844274512, 50.83104935314393]"
173,アイザック(Isaac),https://x.boardgamearena.net/data/themereleases/200422-1124/games/isaac/171011-0240/img/game_box180.png,https://ja.boardgamearena.com/gamepanel?game=isaac,"[0.9893126204536031, 0.40869006601556634, 0.27168136422727684]"
174,KQJ,https://x.boardgamearena.net/data/themereleases/200422-1124/games/kqj/181010-1106/img/game_box180.png,https://ja.boardgamearena.com/gamepanel?game=kqj,"[240.1054398925329, 193.4353928811313, 4.0190732035005965]"
