name,img,link
"
カルカソンヌ(Carcassonne)
",https://x.boardgamearena.net/data/themereleases/200422-1124/games/carcassonne/200303-1331/img/game_box180.png,https://ja.boardgamearena.com/gamepanel?game=carcassonne
"
世界の七不思議(7Wonders)
",https://x.boardgamearena.net/data/themereleases/200422-1124/games/sevenwonders/200213-1215/img/game_box180.png,https://ja.boardgamearena.com/gamepanel?game=sevenwonders
"
キングドミノ(Kingdomino)
",https://x.boardgamearena.net/data/themereleases/200422-1124/games/kingdomino/200213-1216/img/game_box180.png,https://ja.boardgamearena.com/gamepanel?game=kingdomino
"
ニムト(6nimmt!)
",https://x.boardgamearena.net/data/themereleases/200422-1124/games/sechsnimmt/200213-1217/img/game_box180.png,https://ja.boardgamearena.com/gamepanel?game=sechsnimmt
"
テラミスティカ(TerraMystica)
",https://x.boardgamearena.net/data/themereleases/200422-1124/games/terramystica/200412-1543/img/game_box180.png,https://ja.boardgamearena.com/gamepanel?game=terramystica
"
キャントストップ(Can'tStop)
",https://x.boardgamearena.net/data/themereleases/200422-1124/games/cantstop/200213-1216/img/game_box180.png,https://ja.boardgamearena.com/gamepanel?game=cantstop
"
ストーンエイジ(StoneAge)
",https://x.boardgamearena.net/data/themereleases/200422-1124/games/stoneage/200213-1216/img/game_box180.png,https://ja.boardgamearena.com/gamepanel?game=stoneage
"
花火(Hanabi)
",https://x.boardgamearena.net/data/themereleases/200422-1124/games/hanabi/200213-1217/img/game_box180.png,https://ja.boardgamearena.com/gamepanel?game=hanabi
"
プエルトリコ(PuertoRico)
",https://x.boardgamearena.net/data/themereleases/200422-1124/games/puertorico/200214-0957/img/game_box180.png,https://ja.boardgamearena.com/gamepanel?game=puertorico
"
タケノコ(Takenoko)
",https://x.boardgamearena.net/data/themereleases/200422-1124/games/takenoko/200213-1218/img/game_box180.png,https://ja.boardgamearena.com/gamepanel?game=takenoko
"
十二季節の魔法使い(Seasons)
",https://x.boardgamearena.net/data/themereleases/200422-1124/games/seasons/200310-0942/img/game_box180.png,https://ja.boardgamearena.com/gamepanel?game=seasons
"
すしゴー!(SushiGo!)
",https://x.boardgamearena.net/data/themereleases/200422-1124/games/sushigo/200402-0948/img/game_box180.png,https://ja.boardgamearena.com/gamepanel?game=sushigo
"
ダイスフォージ(DiceForge)
",https://x.boardgamearena.net/data/themereleases/200422-1124/games/diceforge/190821-2328/img/game_box180.png,https://ja.boardgamearena.com/gamepanel?game=diceforge
"
フレンチ・タロット(FrenchTarot)
",https://x.boardgamearena.net/data/themereleases/200422-1124/games/frenchtarot/200410-1917/img/game_box180.png,https://ja.boardgamearena.com/gamepanel?game=frenchtarot
"
お邪魔者(Saboteur)
",https://x.boardgamearena.net/data/themereleases/200422-1124/games/saboteur/200214-1609/img/game_box180.png,https://ja.boardgamearena.com/gamepanel?game=saboteur
"
ラ・グランハ(LaGranja)
",https://x.boardgamearena.net/data/themereleases/200422-1124/games/lagranja/200422-0207/img/game_box180.png,https://ja.boardgamearena.com/gamepanel?game=lagranja
"
レース・フォー・ザ・ギャラクシー(RacefortheGalaxy)
",https://x.boardgamearena.net/data/themereleases/200422-1124/games/raceforthegalaxy/200214-1053/img/game_box180.png,https://ja.boardgamearena.com/gamepanel?game=raceforthegalaxy
"
ソロ(Solo)
",https://x.boardgamearena.net/data/themereleases/200422-1124/games/solo/200410-1950/img/game_box180.png,https://ja.boardgamearena.com/gamepanel?game=solo
"
スルー・ジ・エイジズ-新たなる文明の物語
",https://x.boardgamearena.net/data/themereleases/200422-1124/games/throughtheagesnewstory/200214-1521/img/game_box180.png,https://ja.boardgamearena.com/gamepanel?game=throughtheagesnewstory
"
クランズ・オブ・カレドニア(ClansofCaledonia)
",https://x.boardgamearena.net/data/themereleases/200422-1124/games/clansofcaledonia/200421-1637/img/game_box180.png,https://ja.boardgamearena.com/gamepanel?game=clansofcaledonia
"
ラブレター(LoveLetter)
",https://x.boardgamearena.net/data/themereleases/200422-1124/games/loveletter/200213-1218/img/game_box180.png,https://ja.boardgamearena.com/gamepanel?game=loveletter
"
ヤッツィー(Yahtzee)
",https://x.boardgamearena.net/data/themereleases/200422-1124/games/yatzy/200228-0906/img/game_box180.png,https://ja.boardgamearena.com/gamepanel?game=yatzy
"
ロール・フォー・ザ・ギャラクシー(RollfortheGalaxy)
",https://x.boardgamearena.net/data/themereleases/200422-1124/games/rollforthegalaxy/200214-1553/img/game_box180.png,https://ja.boardgamearena.com/gamepanel?game=rollforthegalaxy
"
ロストシティ(LostCities)
",https://x.boardgamearena.net/data/themereleases/200422-1124/games/lostcities/200213-1218/img/game_box180.png,https://ja.boardgamearena.com/gamepanel?game=lostcities
"
ジャイプル(Jaipur)
",https://x.boardgamearena.net/data/themereleases/200422-1124/games/jaipur/200221-1802/img/game_box180.png,https://ja.boardgamearena.com/gamepanel?game=jaipur
"
ブロット(Belote)
",https://x.boardgamearena.net/data/themereleases/200422-1124/games/belote/181010-1103/img/game_box180.png,https://ja.boardgamearena.com/gamepanel?game=belote
"
コルト・エクスプレス(ColtExpress)
",https://x.boardgamearena.net/data/themereleases/200422-1124/games/coltexpress/181010-1104/img/game_box180.png,https://ja.boardgamearena.com/gamepanel?game=coltexpress
"
ツォルキン(Tzolk'in)
",https://x.boardgamearena.net/data/themereleases/200422-1124/games/tzolkin/190510-1402/img/game_box180.png,https://ja.boardgamearena.com/gamepanel?game=tzolkin
"
東海道(Tokaido)
",https://x.boardgamearena.net/data/themereleases/200422-1124/games/tokaido/200221-1844/img/game_box180.png,https://ja.boardgamearena.com/gamepanel?game=tokaido
"
トック(Tock)
",https://x.boardgamearena.net/data/themereleases/200422-1124/games/toc/200421-1701/img/game_box180.png,https://ja.boardgamearena.com/gamepanel?game=toc
"
ハーツ(Hearts)
",https://x.boardgamearena.net/data/themereleases/200422-1124/games/hearts/160920-1147/img/game_box180.png,https://ja.boardgamearena.com/gamepanel?game=hearts
"
ロシアンレールロード(RussianRailroads)
",https://x.boardgamearena.net/data/themereleases/200422-1124/games/russianrailroads/200224-1831/img/game_box180.png,https://ja.boardgamearena.com/gamepanel?game=russianrailroads
"
フォー・セール(ForSale)
",https://x.boardgamearena.net/data/themereleases/200422-1124/games/forsale/200218-1002/img/game_box180.png,https://ja.boardgamearena.com/gamepanel?game=forsale
"
レッド7(Red7)
",https://x.boardgamearena.net/data/themereleases/200422-1124/games/redsevengame/200309-0947/img/game_box180.png,https://ja.boardgamearena.com/gamepanel?game=redsevengame
"
インカの黄金(IncanGold)
",https://x.boardgamearena.net/data/themereleases/200422-1124/games/incangold/200224-1752/img/game_box180.png,https://ja.boardgamearena.com/gamepanel?game=incangold
"
イノベーション(Innovation)
",https://x.boardgamearena.net/data/themereleases/200422-1124/games/innovation/200127-1823/img/game_box180.png,https://ja.boardgamearena.com/gamepanel?game=innovation
"
バックギャモン
",https://x.boardgamearena.net/data/themereleases/200422-1124/games/backgammon/200213-1219/img/game_box180.png,https://ja.boardgamearena.com/gamepanel?game=backgammon
"
クー(Coup)
",https://x.boardgamearena.net/data/themereleases/200422-1124/games/coupcitystate/200421-0449/img/game_box180.png,https://ja.boardgamearena.com/gamepanel?game=coupcitystate
"
ミラーズホロウの人狼(TheWerewolvesofMiller'sHollow)
",https://x.boardgamearena.net/data/themereleases/200422-1124/games/werewolves/200221-2130/img/game_box180.png,https://ja.boardgamearena.com/gamepanel?game=werewolves
"
中世の建築士たち
",https://x.boardgamearena.net/data/themereleases/200422-1124/games/thebuilders/170724-1654/img/game_box180.png,https://ja.boardgamearena.com/gamepanel?game=thebuilders
"
バブリーポップ(BubbleePop)
",https://x.boardgamearena.net/data/themereleases/200422-1124/games/bubbleepop/200214-1808/img/game_box180.png,https://ja.boardgamearena.com/gamepanel?game=bubbleepop
"
オーヘル(OhHell!)
",https://x.boardgamearena.net/data/themereleases/200422-1124/games/ohhell/181010-1107/img/game_box180.png,https://ja.boardgamearena.com/gamepanel?game=ohhell
"
キングズ・ギルド(TheKing'sGuild)
",https://x.boardgamearena.net/data/themereleases/200422-1124/games/kingsguild/200410-0746/img/game_box180.png,https://ja.boardgamearena.com/gamepanel?game=kingsguild
"
ペルド(Perudo)
",https://x.boardgamearena.net/data/themereleases/200422-1124/games/dudo/181010-1104/img/game_box180.png,https://ja.boardgamearena.com/gamepanel?game=dudo
"
コロレット(Coloretto)
",https://x.boardgamearena.net/data/themereleases/200422-1124/games/coloretto/161205-1618/img/game_box180.png,https://ja.boardgamearena.com/gamepanel?game=coloretto
"
ケイラス(Caylus)
",https://x.boardgamearena.net/data/themereleases/200422-1124/games/caylus/160826-2312/img/game_box180.png,https://ja.boardgamearena.com/gamepanel?game=caylus
"
凶星のデストラップ(NotAlone)
",https://x.boardgamearena.net/data/themereleases/200422-1124/games/notalone/190702-1140/img/game_box180.png,https://ja.boardgamearena.com/gamepanel?game=notalone
"
タルギ(Targi)
",https://x.boardgamearena.net/data/themereleases/200422-1124/games/targi/200221-1942/img/game_box180.png,https://ja.boardgamearena.com/gamepanel?game=targi
"
トロワ(Troyes)
",https://x.boardgamearena.net/data/themereleases/200422-1124/games/troyes/181010-1110/img/game_box180.png,https://ja.boardgamearena.com/gamepanel?game=troyes
"
チェス
",https://x.boardgamearena.net/data/themereleases/200422-1124/games/chess/200214-0955/img/game_box180.png,https://ja.boardgamearena.com/gamepanel?game=chess
"
セレスティア(Celestia)
",https://x.boardgamearena.net/data/themereleases/200422-1124/games/celestia/181010-1103/img/game_box180.png,https://ja.boardgamearena.com/gamepanel?game=celestia
"
ハイブ(Hive)
",https://x.boardgamearena.net/data/themereleases/200422-1124/games/hive/170913-1826/img/game_box180.png,https://ja.boardgamearena.com/gamepanel?game=hive
"
それはオレの牧場だ!(BattleSheep)
",https://x.boardgamearena.net/data/themereleases/200422-1124/games/splits/151125-1439/img/game_box180.png,https://ja.boardgamearena.com/gamepanel?game=splits
"
大噴火(Eruption)
",https://x.boardgamearena.net/data/themereleases/200422-1124/games/akeruption/181010-1102/img/game_box180.png,https://ja.boardgamearena.com/gamepanel?game=akeruption
"
リベルタリア(Libertalia)
",https://x.boardgamearena.net/data/themereleases/200422-1124/games/libertalia/191217-1614/img/game_box180.png,https://ja.boardgamearena.com/gamepanel?game=libertalia
"
キーフラワー(Keyflower)
",https://x.boardgamearena.net/data/themereleases/200422-1124/games/keyflower/181010-1105/img/game_box180.png,https://ja.boardgamearena.com/gamepanel?game=keyflower
"
エミネント・ドメイン(EminentDomain)
",https://x.boardgamearena.net/data/themereleases/200422-1124/games/eminentdomain/200213-1222/img/game_box180.png,https://ja.boardgamearena.com/gamepanel?game=eminentdomain
"
カラーポップ(ColorPop)
",https://x.boardgamearena.net/data/themereleases/200422-1124/games/colorpop/151125-1118/img/game_box180.png,https://ja.boardgamearena.com/gamepanel?game=colorpop
"
古代の建築士たち
",https://x.boardgamearena.net/data/themereleases/200422-1124/games/thebuildersantiquity/190710-2358/img/game_box180.png,https://ja.boardgamearena.com/gamepanel?game=thebuildersantiquity
"
セベク(Sobek)
",https://x.boardgamearena.net/data/themereleases/200422-1124/games/sobek/181010-1109/img/game_box180.png,https://ja.boardgamearena.com/gamepanel?game=sobek
"
タシュ=カラール(Tash-Kalar)
",https://x.boardgamearena.net/data/themereleases/200422-1124/games/tashkalar/190509-2105/img/game_box180.png,https://ja.boardgamearena.com/gamepanel?game=tashkalar
"
インベンターズ(LegendaryInventors)
",https://x.boardgamearena.net/data/themereleases/200422-1124/games/inventors/170725-1605/img/game_box180.png,https://ja.boardgamearena.com/gamepanel?game=inventors
"
K2
",https://x.boardgamearena.net/data/themereleases/200422-1124/games/k2/151125-1444/img/game_box180.png,https://ja.boardgamearena.com/gamepanel?game=k2
"
P.I.
",https://x.boardgamearena.net/data/themereleases/200422-1124/games/pi/191226-1621/img/game_box180.png,https://ja.boardgamearena.com/gamepanel?game=pi
"
ルイス・クラーク探検隊(Lewis&Clark)
",https://x.boardgamearena.net/data/themereleases/200422-1124/games/lewisclark/191117-2156/img/game_box180.png,https://ja.boardgamearena.com/gamepanel?game=lewisclark
"
タルバ(Taluva)
",https://x.boardgamearena.net/data/themereleases/200422-1124/games/taluva/200212-0539/img/game_box180.png,https://ja.boardgamearena.com/gamepanel?game=taluva
"
ザ・ボス(TheBoss)
",https://x.boardgamearena.net/data/themereleases/200422-1124/games/theboss/181010-1109/img/game_box180.png,https://ja.boardgamearena.com/gamepanel?game=theboss
"
クシディット王国記(LordsofXidit)
",https://x.boardgamearena.net/data/themereleases/200422-1124/games/lox/181107-1837/img/game_box180.png,https://ja.boardgamearena.com/gamepanel?game=lox
"
ドラゴンハート(Dragonheart)
",https://x.boardgamearena.net/data/themereleases/200422-1124/games/dragonheart/181010-1104/img/game_box180.png,https://ja.boardgamearena.com/gamepanel?game=dragonheart
"
こいこい
",https://x.boardgamearena.net/data/themereleases/200422-1124/games/koikoi/200221-2218/img/game_box180.png,https://ja.boardgamearena.com/gamepanel?game=koikoi
"
マキャベリ(Machiavelli)
",https://x.boardgamearena.net/data/themereleases/200422-1124/games/machiavelli/200102-2026/img/game_box180.png,https://ja.boardgamearena.com/gamepanel?game=machiavelli
"
マデイラ(Madeira)
",https://x.boardgamearena.net/data/themereleases/200422-1124/games/madeira/181010-1106/img/game_box180.png,https://ja.boardgamearena.com/gamepanel?game=madeira
"
覇王龍城(DragonCastle)
",https://x.boardgamearena.net/data/themereleases/200422-1124/games/dragoncastle/200316-2202/img/game_box180.png,https://ja.boardgamearena.com/gamepanel?game=dragoncastle
"
クァンタム(Quantum)
",https://x.boardgamearena.net/data/themereleases/200422-1124/games/quantum/181006-0441/img/game_box180.png,https://ja.boardgamearena.com/gamepanel?game=quantum
"
エルフェンランド(Elfenland)
",https://x.boardgamearena.net/data/themereleases/200422-1124/games/elfenland/200221-2028/img/game_box180.png,https://ja.boardgamearena.com/gamepanel?game=elfenland
"
ドラゴンイヤー(InTheYearoftheDragon)
",https://x.boardgamearena.net/data/themereleases/200422-1124/games/intheyearofthedragon/170516-0932/img/game_box180.png,https://ja.boardgamearena.com/gamepanel?game=intheyearofthedragon
"
トバゴ(Tobago)
",https://x.boardgamearena.net/data/themereleases/200422-1124/games/tobago/190401-1859/img/game_box180.png,https://ja.boardgamearena.com/gamepanel?game=tobago
"
リバーシ
",https://x.boardgamearena.net/data/themereleases/200422-1124/games/reversi/151226-1437/img/game_box180.png,https://ja.boardgamearena.com/gamepanel?game=reversi
"
ニッポン：明治維新(Nippon)
",https://x.boardgamearena.net/data/themereleases/200422-1124/games/nippon/181010-1107/img/game_box180.png,https://ja.boardgamearena.com/gamepanel?game=nippon
"
チェッカー
",https://x.boardgamearena.net/data/themereleases/200422-1124/games/checkers/190314-1255/img/game_box180.png,https://ja.boardgamearena.com/gamepanel?game=checkers
"
ステアフライ・エイティーン(StirFryEighteen)
",https://x.boardgamearena.net/data/themereleases/200422-1124/games/stirfryeighteen/200414-2138/img/game_box180.png,https://ja.boardgamearena.com/gamepanel?game=stirfryeighteen
"
コリドール(Quoridor)
",https://x.boardgamearena.net/data/themereleases/200422-1124/games/quoridor/180420-1209/img/game_box180.png,https://ja.boardgamearena.com/gamepanel?game=quoridor
"
ボタン(Buttons)
",https://x.boardgamearena.net/data/themereleases/200422-1124/games/buttons/181010-1103/img/game_box180.png,https://ja.boardgamearena.com/gamepanel?game=buttons
"
シニョーリエ(Signorie)
",https://x.boardgamearena.net/data/themereleases/200422-1124/games/signorie/190523-1655/img/game_box180.png,https://ja.boardgamearena.com/gamepanel?game=signorie
"
カフナ(Kahuna)
",https://x.boardgamearena.net/data/themereleases/200422-1124/games/kahuna/151229-1600/img/game_box180.png,https://ja.boardgamearena.com/gamepanel?game=kahuna
"
クアルト(Quarto)
",https://x.boardgamearena.net/data/themereleases/200422-1124/games/quarto/170202-1134/img/game_box180.png,https://ja.boardgamearena.com/gamepanel?game=quarto
"
高麗(Koryŏ)
",https://x.boardgamearena.net/data/themereleases/200422-1124/games/koryo/160904-0355/img/game_box180.png,https://ja.boardgamearena.com/gamepanel?game=koryo
"
ガイア(Gaïa)
",https://x.boardgamearena.net/data/themereleases/200422-1124/games/gaia/181010-1105/img/game_box180.png,https://ja.boardgamearena.com/gamepanel?game=gaia
"
ダンジョン・ツイスター(DungeonTwister)
",https://x.boardgamearena.net/data/themereleases/200422-1124/games/dungeontwister/200327-2350/img/game_box180.png,https://ja.boardgamearena.com/gamepanel?game=dungeontwister
"
レーダー作戦ゲーム(BattleshipsPencil&Paper)
",https://x.boardgamearena.net/data/themereleases/200422-1124/games/battleship/190828-0518/img/game_box180.png,https://ja.boardgamearena.com/gamepanel?game=battleship
"
ハワイ(Hawaii)
",https://x.boardgamearena.net/data/themereleases/200422-1124/games/hawaii/151125-1134/img/game_box180.png,https://ja.boardgamearena.com/gamepanel?game=hawaii
"
カッラーラの宮殿(ThePalacesofCarrara)
",https://x.boardgamearena.net/data/themereleases/200422-1124/games/carrara/191217-1522/img/game_box180.png,https://ja.boardgamearena.com/gamepanel?game=carrara
"
クロスマスター・アリーナ(KrosmasterArena)
",https://x.boardgamearena.net/data/themereleases/200422-1124/games/krosmasterarena/200329-2343/img/game_box180.png,https://ja.boardgamearena.com/gamepanel?game=krosmasterarena
"
スカート(Skat)
",https://x.boardgamearena.net/data/themereleases/200422-1124/games/skat/200416-1824/img/game_box180.png,https://ja.boardgamearena.com/gamepanel?game=skat
"
シャム(Siam)
",https://x.boardgamearena.net/data/themereleases/200422-1124/games/siam/191112-1411/img/game_box180.png,https://ja.boardgamearena.com/gamepanel?game=siam
"
ゴス(Gosu)
",https://x.boardgamearena.net/data/themereleases/200422-1124/games/gosu/151125-1124/img/game_box180.png,https://ja.boardgamearena.com/gamepanel?game=gosu
"
スパイリウム(Spyrium)
",https://x.boardgamearena.net/data/themereleases/200422-1124/games/spyrium/190917-2149/img/game_box180.png,https://ja.boardgamearena.com/gamepanel?game=spyrium
"
囲碁
",https://x.boardgamearena.net/data/themereleases/200422-1124/games/classicgo/170529-1315/img/game_box180.png,https://ja.boardgamearena.com/gamepanel?game=classicgo
"
シークレットムーン(SecretMoon)
",https://x.boardgamearena.net/data/themereleases/200422-1124/games/secretmoon/200224-1905/img/game_box180.png,https://ja.boardgamearena.com/gamepanel?game=secretmoon
"
アミティス(Amyitis)
",https://x.boardgamearena.net/data/themereleases/200422-1124/games/amyitis/190702-1709/img/game_box180.png,https://ja.boardgamearena.com/gamepanel?game=amyitis
"
テルモピュレ(Thermopyles)
",https://x.boardgamearena.net/data/themereleases/200422-1124/games/thermopyles/181010-1109/img/game_box180.png,https://ja.boardgamearena.com/gamepanel?game=thermopyles
"
五目並べ
",https://x.boardgamearena.net/data/themereleases/200422-1124/games/gomoku/160731-1501/img/game_box180.png,https://ja.boardgamearena.com/gamepanel?game=gomoku
"
ブリスコラ(Briscola)
",https://x.boardgamearena.net/data/themereleases/200422-1124/games/briscola/181024-1803/img/game_box180.png,https://ja.boardgamearena.com/gamepanel?game=briscola
"
セイントポーカー(SaintPoker)
",https://x.boardgamearena.net/data/themereleases/200422-1124/games/saintpoker/200121-2318/img/game_box180.png,https://ja.boardgamearena.com/gamepanel?game=saintpoker
"
ルール川の石炭貿易
",https://x.boardgamearena.net/data/themereleases/200422-1124/games/ruhr/200421-1932/img/game_box180.png,https://ja.boardgamearena.com/gamepanel?game=ruhr
"
ナイアガラ(Niagara)
",https://x.boardgamearena.net/data/themereleases/200422-1124/games/niagara/170406-1712/img/game_box180.png,https://ja.boardgamearena.com/gamepanel?game=niagara
"
スルー・ジ・エイジズ(ThroughtheAges)
",https://x.boardgamearena.net/data/themereleases/200422-1124/games/throughtheages/190514-1114/img/game_box180.png,https://ja.boardgamearena.com/gamepanel?game=throughtheages
"
ポリス：ペロポネソス戦争
",https://x.boardgamearena.net/data/themereleases/200422-1124/games/polis/190109-1810/img/game_box180.png,https://ja.boardgamearena.com/gamepanel?game=polis
"
バトル・オブ・リッツ(BattleofLITS)
",https://x.boardgamearena.net/data/themereleases/200422-1124/games/battleoflits/181010-1103/img/game_box180.png,https://ja.boardgamearena.com/gamepanel?game=battleoflits
"
カラハ(Kalah)
",https://x.boardgamearena.net/data/themereleases/200422-1124/games/kalah/170719-1617/img/game_box180.png,https://ja.boardgamearena.com/gamepanel?game=kalah
"
アッシリア(Assyria)
",https://x.boardgamearena.net/data/themereleases/200422-1124/games/assyria/151125-1109/img/game_box180.png,https://ja.boardgamearena.com/gamepanel?game=assyria
"
ノーチラス(Nautilus)
",https://x.boardgamearena.net/data/themereleases/200422-1124/games/nautilus/190616-0001/img/game_box180.png,https://ja.boardgamearena.com/gamepanel?game=nautilus
"
サークル・オブ・ライフ(CircleofLife)
",https://x.boardgamearena.net/data/themereleases/200422-1124/games/circleoflife/191022-2035/img/game_box180.png,https://ja.boardgamearena.com/gamepanel?game=circleoflife
"
オリジン(Origin)
",https://x.boardgamearena.net/data/themereleases/200422-1124/games/origin/180625-0047/img/game_box180.png,https://ja.boardgamearena.com/gamepanel?game=origin
"
アイスコールドアイスホッケー(IceColdIceHockey)
",https://x.boardgamearena.net/data/themereleases/200422-1124/games/icecoldicehockey/200218-1948/img/game_box180.png,https://ja.boardgamearena.com/gamepanel?game=icecoldicehockey
"
カーソンシティ動物園の黙示録(ApocalypseauZoodeCarsonCity)
",https://x.boardgamearena.net/data/themereleases/200422-1124/games/apocalypseazcc/181113-1529/img/game_box180.png,https://ja.boardgamearena.com/gamepanel?game=apocalypseazcc
"
バトルフォーヒル218(TheBattleforHill218)
",https://x.boardgamearena.net/data/themereleases/200422-1124/games/battleforhill/200409-2329/img/game_box180.png,https://ja.boardgamearena.com/gamepanel?game=battleforhill
"
北西航路探検(NorthwestPassage)
",https://x.boardgamearena.net/data/themereleases/200422-1124/games/northwestpassage/161125-1827/img/game_box180.png,https://ja.boardgamearena.com/gamepanel?game=northwestpassage
"
ヒプノシア(Hypnosia)
",https://x.boardgamearena.net/data/themereleases/200422-1124/games/hypnosia/190326-1706/img/game_box180.png,https://ja.boardgamearena.com/gamepanel?game=hypnosia
"
クロノス(Khronos)
",https://x.boardgamearena.net/data/themereleases/200422-1124/games/khronos/180308-0259/img/game_box180.png,https://ja.boardgamearena.com/gamepanel?game=khronos
"
ハギス(Haggis)
",https://x.boardgamearena.net/data/themereleases/200422-1124/games/haggis/151125-1127/img/game_box180.png,https://ja.boardgamearena.com/gamepanel?game=haggis
"
ナイン・メンズ・モリス(NineMen'sMorris)
",https://x.boardgamearena.net/data/themereleases/200422-1124/games/ninemensmorris/180606-2111/img/game_box180.png,https://ja.boardgamearena.com/gamepanel?game=ninemensmorris
"
セネト(Senet)
",https://x.boardgamearena.net/data/themereleases/200422-1124/games/senet/181010-1108/img/game_box180.png,https://ja.boardgamearena.com/gamepanel?game=senet
"
タカラアイランド(TakaraIsland)
",https://x.boardgamearena.net/data/themereleases/200422-1124/games/takaraisland/170709-1847/img/game_box180.png,https://ja.boardgamearena.com/gamepanel?game=takaraisland
"
タイム・マスターズ(TimeMasters)
",https://x.boardgamearena.net/data/themereleases/200422-1124/games/timemasters/181010-1110/img/game_box180.png,https://ja.boardgamearena.com/gamepanel?game=timemasters
"
ナイル(Nile)
",https://x.boardgamearena.net/data/themereleases/200422-1124/games/aknile/170106-2145/img/game_box180.png,https://ja.boardgamearena.com/gamepanel?game=aknile
"
ボンベイ(Bombay)
",https://x.boardgamearena.net/data/themereleases/200422-1124/games/bombay/170411-1212/img/game_box180.png,https://ja.boardgamearena.com/gamepanel?game=bombay
"
シンコ(Cinco)
",https://x.boardgamearena.net/data/themereleases/200422-1124/games/cinco/130820-0921/img/game_box180.png,https://ja.boardgamearena.com/gamepanel?game=cinco
"
双子のブリキロボ(TwinTinBots)
",https://x.boardgamearena.net/data/themereleases/200422-1124/games/twintinbots/170407-1205/img/game_box180.png,https://ja.boardgamearena.com/gamepanel?game=twintinbots
"
トゥルネー(Tournay)
",https://x.boardgamearena.net/data/themereleases/200422-1124/games/tournay/191226-1525/img/game_box180.png,https://ja.boardgamearena.com/gamepanel?game=tournay
"
ノワール：殺人鬼vs捜査官
",https://x.boardgamearena.net/data/themereleases/200422-1124/games/noirkvi/181010-1107/img/game_box180.png,https://ja.boardgamearena.com/gamepanel?game=noirkvi
"
エイト・マスターズ・リベンジ(8Masters'Revenge)
",https://x.boardgamearena.net/data/themereleases/200422-1124/games/eightmastersrevenge/190401-1620/img/game_box180.png,https://ja.boardgamearena.com/gamepanel?game=eightmastersrevenge
"
ネクサス(NXS)
",https://x.boardgamearena.net/data/themereleases/200422-1124/games/nxs/200412-0519/img/game_box180.png,https://ja.boardgamearena.com/gamepanel?game=nxs
"
ギアとピストン(Gear&Piston)
",https://x.boardgamearena.net/data/themereleases/200422-1124/games/gearnpiston/191217-1609/img/game_box180.png,https://ja.boardgamearena.com/gamepanel?game=gearnpiston
"
ティキ(Tiki)
",https://x.boardgamearena.net/data/themereleases/200422-1124/games/tiki/180514-1533/img/game_box180.png,https://ja.boardgamearena.com/gamepanel?game=tiki
"
アルマデーラ(Armadöra)
",https://x.boardgamearena.net/data/themereleases/200422-1124/games/armadora/150206-1456/img/game_box180.png,https://ja.boardgamearena.com/gamepanel?game=armadora
"
メトロマニア(Metromania)
",https://x.boardgamearena.net/data/themereleases/200422-1124/games/metromaniab/181010-1106/img/game_box180.png,https://ja.boardgamearena.com/gamepanel?game=metromaniab
"
カバレオ(Kabaleo)
",https://x.boardgamearena.net/data/themereleases/200422-1124/games/kabaleo/180120-1927/img/game_box180.png,https://ja.boardgamearena.com/gamepanel?game=kabaleo
"
パレス(Palace)
",https://x.boardgamearena.net/data/themereleases/200422-1124/games/palace/200110-1425/img/game_box180.png,https://ja.boardgamearena.com/gamepanel?game=palace
"
ディアムス(Diam's)
",https://x.boardgamearena.net/data/themereleases/200422-1124/games/diams/181010-1104/img/game_box180.png,https://ja.boardgamearena.com/gamepanel?game=diams
"
ピロス(Pylos)
",https://x.boardgamearena.net/data/themereleases/200422-1124/games/pylos/180110-1241/img/game_box180.png,https://ja.boardgamearena.com/gamepanel?game=pylos
"
ロガー(Logger)
",https://x.boardgamearena.net/data/themereleases/200422-1124/games/logger/181010-1106/img/game_box180.png,https://ja.boardgamearena.com/gamepanel?game=logger
"
ママラス(Mammalath)
",https://x.boardgamearena.net/data/themereleases/200422-1124/games/mammalath/200215-1630/img/game_box180.png,https://ja.boardgamearena.com/gamepanel?game=mammalath
"
ベジ・ガーデン(VeggieGarden)
",https://x.boardgamearena.net/data/themereleases/200422-1124/games/veggiegarden/170811-1949/img/game_box180.png,https://ja.boardgamearena.com/gamepanel?game=veggiegarden
"
ペニープレス(PennyPress)
",https://x.boardgamearena.net/data/themereleases/200422-1124/games/pennypress/190203-1140/img/game_box180.png,https://ja.boardgamearena.com/gamepanel?game=pennypress
"
ラインズ・オブ・アクション(LinesofAction)
",https://x.boardgamearena.net/data/themereleases/200422-1124/games/linesofaction/190320-1242/img/game_box180.png,https://ja.boardgamearena.com/gamepanel?game=linesofaction
"
ヘックス(Hex)
",https://x.boardgamearena.net/data/themereleases/200422-1124/games/hex/190117-1455/img/game_box180.png,https://ja.boardgamearena.com/gamepanel?game=hex
"
ギルド(Guildes)
",https://x.boardgamearena.net/data/themereleases/200422-1124/games/guildes/180612-1858/img/game_box180.png,https://ja.boardgamearena.com/gamepanel?game=guildes
"
アルヴィオル(Alveole)
",https://x.boardgamearena.net/data/themereleases/200422-1124/games/alveole/170518-1730/img/game_box180.png,https://ja.boardgamearena.com/gamepanel?game=alveole
"
ドラゴンキーパー：ザ・ダンジョン
",https://x.boardgamearena.net/data/themereleases/200422-1124/games/dragonkeeper/180409-1227/img/game_box180.png,https://ja.boardgamearena.com/gamepanel?game=dragonkeeper
"
アウトロー：ラストマンスタンディング
",https://x.boardgamearena.net/data/themereleases/200422-1124/games/outlaws/171024-1628/img/game_box180.png,https://ja.boardgamearena.com/gamepanel?game=outlaws
"
クリおじさんのテーブルガイプ(UncleChestnut'sTableGype)
",https://x.boardgamearena.net/data/themereleases/200422-1124/games/unclechestnuttablegype/181010-1110/img/game_box180.png,https://ja.boardgamearena.com/gamepanel?game=unclechestnuttablegype
"
ジャンビ(Djambi)
",https://x.boardgamearena.net/data/themereleases/200422-1124/games/djambi/170619-1517/img/game_box180.png,https://ja.boardgamearena.com/gamepanel?game=djambi
"
フロレンツァ・カードゲーム
",https://x.boardgamearena.net/data/themereleases/200422-1124/games/florenzacardgame/170411-1044/img/game_box180.png,https://ja.boardgamearena.com/gamepanel?game=florenzacardgame
"
ディアヴォロの橋(PontedelDiavolo)
",https://x.boardgamearena.net/data/themereleases/200422-1124/games/pontedeldiavolo/200303-0043/img/game_box180.png,https://ja.boardgamearena.com/gamepanel?game=pontedeldiavolo
"
ダーク・エージェント(DarkAgent)
",https://x.boardgamearena.net/data/themereleases/200422-1124/games/darkagent/181010-1104/img/game_box180.png,https://ja.boardgamearena.com/gamepanel?game=darkagent
"
ブルームズ(Blooms)
",https://x.boardgamearena.net/data/themereleases/200422-1124/games/blooms/190326-1515/img/game_box180.png,https://ja.boardgamearena.com/gamepanel?game=blooms
"
ユナイテッドスクエア(UnitedSquare)
",https://x.boardgamearena.net/data/themereleases/200422-1124/games/unitedsquare/130624-0945/img/game_box180.png,https://ja.boardgamearena.com/gamepanel?game=unitedsquare
"
シャンチー
",https://x.boardgamearena.net/data/themereleases/200422-1124/games/xiangqi/160308-0008/img/game_box180.png,https://ja.boardgamearena.com/gamepanel?game=xiangqi
"
四色牌(FourColorCards)
",https://x.boardgamearena.net/data/themereleases/200422-1124/games/fourcolorcards/200216-1119/img/game_box180.png,https://ja.boardgamearena.com/gamepanel?game=fourcolorcards
"
ギュゲース(Gygès)
",https://x.boardgamearena.net/data/themereleases/200422-1124/games/gyges/151125-1126/img/game_box180.png,https://ja.boardgamearena.com/gamepanel?game=gyges
"
ゼリーモンスター研究所(TheJellyMonsterLab)
",https://x.boardgamearena.net/data/themereleases/200422-1124/games/thejellymonsterlab/181010-1109/img/game_box180.png,https://ja.boardgamearena.com/gamepanel?game=thejellymonsterlab
"
チャイナゴールド(ChinaGold)
",https://x.boardgamearena.net/data/themereleases/200422-1124/games/chinagold/191217-1518/img/game_box180.png,https://ja.boardgamearena.com/gamepanel?game=chinagold
"
タフル(tablut)
",https://x.boardgamearena.net/data/themereleases/200422-1124/games/tablut/180607-1136/img/game_box180.png,https://ja.boardgamearena.com/gamepanel?game=tablut
"
ニュートリーコ(Neutreeko)
",https://x.boardgamearena.net/data/themereleases/200422-1124/games/neutreeko/160213-1922/img/game_box180.png,https://ja.boardgamearena.com/gamepanel?game=neutreeko
"
リメンバーウェン(RememberWhen)
",https://x.boardgamearena.net/data/themereleases/200422-1124/games/rememberwhen/181010-1108/img/game_box180.png,https://ja.boardgamearena.com/gamepanel?game=rememberwhen
"
グラミー(GORami)
",https://x.boardgamearena.net/data/themereleases/200422-1124/games/gorami/200410-2339/img/game_box180.png,https://ja.boardgamearena.com/gamepanel?game=gorami
"
最後の人々(LeDernierPeuple)
",https://x.boardgamearena.net/data/themereleases/200422-1124/games/ledernierpeuple/181010-1106/img/game_box180.png,https://ja.boardgamearena.com/gamepanel?game=ledernierpeuple
"
ジャンプゲート(JumpGate)
",https://x.boardgamearena.net/data/themereleases/200422-1124/games/jumpgate/191219-1052/img/game_box180.png,https://ja.boardgamearena.com/gamepanel?game=jumpgate
"
エヴォ：名無しのゲーム
",https://x.boardgamearena.net/data/themereleases/200422-1124/games/evogamenoname/170228-1908/img/game_box180.png,https://ja.boardgamearena.com/gamepanel?game=evogamenoname
"
ハックトリック(HackTrick)
",https://x.boardgamearena.net/data/themereleases/200422-1124/games/hacktrick/181107-1542/img/game_box180.png,https://ja.boardgamearena.com/gamepanel?game=hacktrick
"
ドラゴンライン(DragonLine)
",https://x.boardgamearena.net/data/themereleases/200422-1124/games/dragonline/161115-0258/img/game_box180.png,https://ja.boardgamearena.com/gamepanel?game=dragonline
"
カリビアンオールフォー(CaribbeanAllFours)
",https://x.boardgamearena.net/data/themereleases/200422-1124/games/caribbeanallfours/170120-1618/img/game_box180.png,https://ja.boardgamearena.com/gamepanel?game=caribbeanallfours
"
アイザック(Isaac)
",https://x.boardgamearena.net/data/themereleases/200422-1124/games/isaac/171011-0240/img/game_box180.png,https://ja.boardgamearena.com/gamepanel?game=isaac
"
KQJ
",https://x.boardgamearena.net/data/themereleases/200422-1124/games/kqj/181010-1106/img/game_box180.png,https://ja.boardgamearena.com/gamepanel?game=kqj
